variable_code,variable_name,unit,method,variable_type,variable_subtype,R_display,valence,flux_convertible,molecule,notes,val_min,val_max
pheophy,pheophytin,mg/L,NA,bio,Other,expression(UNKNOWN),NA,0,NA,NA,0,NA
E_pheophy,"pheophytin, epilithic",mg/cm2,NA,bio,Other,expression(UNKNOWN),NA,0,NA,NA,0,NA
E_pheopig,"pheopigment, epilithic",mg/cm2,NA,bio,Other,expression(UNKNOWN),NA,0,NA,NA,0,NA
Chl,"chlorophyll, total",mg/L,UNKNOWN,bio,Other,expression(UNKNOWN),NA,0,NA,NA,0,NA
Chla,chlorophyll-a,mg/L,UNKNOWN,bio,Other,expression(UNKNOWN),NA,0,NA,NA,0,NA
E_Chla,"chlorophyll-a, epilithic",mg/cm2,"Epilithic - Whole Rock, PE2400 CHN Combustion Method",bio,Other,expression(UNKNOWN),NA,0,NA,NA,0,NA
Ecoli,Escherichia coli,#/100mL,UNKNOWN,bio,Other,expression(UNKNOWN),NA,0,NA,Ecoli is generally measured in CFU/100ml and PNC/100ml but they are roughly comparable so we can use #/100ml,0,NA
pheopig,pheopigment,mg/L,Acetone TurnerDesigns 10AU Fluorometer,bio,Other,expression(UNKNOWN),NA,0,NA,NA,0,1000000
E_Chl,"chlorophyll, total epilithic",mg/cm2,"Epilithic - Whole Rock, Acetone TurnerDesigns 10AU Fluorometer",bio,Other,expression(mg/cm^'2'),NA,0,NA,NA,0,NA
B,boron,mg/L,Absorption/Emission Spectrophotometer,chem_discrete,Anions,expression(B^'-'),1,1,B,NA,0,1000000
Br,bromide,mg/L,UNKNOWN,chem_discrete,Anions,expression(Br^'-'),1,1,Br,NA,0,1000000
Cl,chloride,mg/L,ion chromatography,chem_discrete,Anions,expression(Cl^'-'),1,1,Cl,NA,0,10000
CO3,carbonate,mg/L,UNKNOWN,chem_discrete,Anions,expression(CO[3]^'-2'),2,1,CO3,NA,0,1000000
F,fluoride,mg/L,UNKNOWN,chem_discrete,Anions,expression(F^'-'),1,1,F,NA,0,100
HCO3,bicarbonate,mg/L,UNKNOWN,chem_discrete,Anions,expression(HCO[3]^'-'),3,1,HCO3,NA,0,1000000
NO2,nitrite,mg/L,UNKNOWN,chem_discrete,Anions,expression(NO[2]^'-'),1,1,NO2,NA,0,1000000
NO2_N,nitrite-nitrogen,mg/L,UNKNOWN,chem_discrete,Anions,expression(NO[2]^'-'),1,1,NO2,NA,0,1000000
NO3,nitrate,mg/L,UNKNOWN,chem_discrete,Anions,expression(NO[3]^'-'),1,1,NO3,NA,0,100
NO3_N,nitrate-nitrogen,mg/L,cadmium reduction,chem_discrete,Anions,expression(UNKNOWN),1,1,N,NA,0,100
PO4,phosphate,mg/L,UNKNOWN,chem_discrete,Anions,expression(PO[4]^'-3'),3,1,PO4,NA,0,100
PO4_P,phosphate-phosphorus,mg/L,ascorbic acid,chem_discrete,Anions,expression(UNKNOWN),3,1,P,NA,0,100
Se,selenium,mg/L,UNKNOWN,chem_discrete,Anions,expression(Se^'-2'),2,1,Se,NA,0,1000000
Se78,selenium-78,mg/L,UNKNOWN,chem_discrete,Anions,expression(Se^'-2'),2,1,Se,NA,0,1000000
Si,silicon,mg/L,UNKNOWN,chem_discrete,Anions,expression(Si^'-4'),4,1,Si,NA,0,1000000
Si28,silicon-28,mg/L,UNKNOWN,chem_discrete,Anions,expression(Si^'-4'),4,1,Si,NA,0,1000000
SO4,sulfate,mg/L,UNKNOWN,chem_discrete,Anions,expression(SO[4]^'-2'),2,1,SO4,NA,0,10000
SO4_S,sulfate-sulfur,mg/L,ion chromatography,chem_discrete,Anions,expression(UNKNOWN),2,1,S,NA,0,10000
Ag,silver,mg/L,UNKNOWN,chem_discrete,Cations,expression(UNKNOWN),NA,1,Ag,Not sure what valence to use,0,1000000
Al_ferron,aluminum (ferron method),mg/L,ferron,chem_discrete,Cations,expression(Al^'+3'),3,1,Al,NA,0,10
TAl,"aluminum, total",mg/L,ICP,chem_discrete,Cations,expression(Al^'+3'),3,1,Al,NA,0,10
As,arsenic,mg/L,UNKNOWN,chem_discrete,Cations,expression(As^'+3'),3,1,As,Check valence,0,1000000
Ba,barium,mg/L,UNKNOWN,chem_discrete,Cations,expression(Ba^'+2'),2,1,Ba,NA,0,1000000
Be,beryllium,mg/L,UNKNOWN,chem_discrete,Cations,expression(Be^'+2'),2,1,Be,NA,0,1000000
Ca,calcium,mg/L,flame atomic absorption spectroscopy,chem_discrete,Cations,expression(Ca^'+2'),2,1,Ca,NA,0,1000
Cd,cadmium,mg/L,Absorption/Emission Spectrophotometer,chem_discrete,Cations,expression(Cd^'+2'),2,1,Cd,NA,0,1000000
Cd111,cadmium-111,mg/L,UNKNOWN,chem_discrete,Cations,expression(Cd^'+2'),2,1,Cd,NA,0,1000000
Ce,cerium,mg/L,UNKNOWN,chem_discrete,Cations,expression(UNKNOWN),NA,1,Ce,Not sure what valence to use,0,1000000
Co,cobalt,mg/L,UNKNOWN,chem_discrete,Cations,expression(UNKNOWN),2.5,1,Co,Check valence,0,1000000
Cs,caesium,mg/L,UNKNOWN,chem_discrete,Cations,expression(UNKNOWN),NA,1,Cs,Not sure what valence to use,0,1000000
Dy,dysprosium,mg/L,UNKNOWN,chem_discrete,Cations,expression(UNKNOWN),NA,1,Dy,Not sure what valence to use,0,1000000
Er,erbium,mg/L,UNKNOWN,chem_discrete,Cations,expression(UNKNOWN),NA,1,Er,Not sure what valence to use,0,1000000
Eu,europium,mg/L,UNKNOWN,chem_discrete,Cations,expression(UNKNOWN),NA,1,Eu,Not sure what valence to use,0,1000000
Fe,iron,mg/L,UNKNOWN,chem_discrete,Cations,expression(UNKNOWN),2.5,1,Fe,NA,0,100
Gd,gadolinium,mg/L,UNKNOWN,chem_discrete,Cations,expression(UNKNOWN),NA,1,Gd,Not sure what valence to use,0,1000000
Gd157,gadolinium-157,mg/L,UNKNOWN,chem_discrete,Cations,expression(UNKNOWN),NA,1,Gd,Not sure what valence to use,0,1000000
Ge,germanium,mg/L,UNKNOWN,chem_discrete,Cations,expression(UNKNOWN),NA,1,Ge,Not sure what valence to use,0,1000000
H,hydrogen ion,mg/L,UNKNOWN,chem_discrete,Cations,expression(H^'+'),1,1,H,NA,0,1000000
Ho,holmium,mg/L,UNKNOWN,chem_discrete,Cations,expression(UNKNOWN),NA,1,Ho,Not sure what valence to use,0,1000000
K,potassium,mg/L,flame atomic absorption spectroscopy,chem_discrete,Cations,expression(K^'+'),1,1,K,NA,0,1000
La,lanthanum,mg/L,UNKNOWN,chem_discrete,Cations,expression(La^'+3'),3,1,La,NA,0,1000000
Li,lithium,mg/L,UNKNOWN,chem_discrete,Cations,expression(UNKNOWN),1,1,Li,NA,0,1000000
Lu,lutetium,mg/L,UNKNOWN,chem_discrete,Cations,expression(UNKNOWN),NA,1,Lu,Not sure what valence to use,0,1000000
Mg,magnesium,mg/L,flame atomic absorption spectroscopy,chem_discrete,Cations,expression(Mg^'+2'),2,1,Mg,NA,0,10000
Mn,manganese,mg/L,UNKNOWN,chem_discrete,Cations,expression(UNKNOWN),3,1,Mn,NA,0,100
Mo,molybdenum,mg/L,UNKNOWN,chem_discrete,Cations,expression(UNKNOWN),NA,1,Mo,Not sure what valence to use,0,1000000
Na,sodium,mg/L,flame atomic absorption spectroscopy,chem_discrete,Cations,expression(Na^'+'),1,1,Na,NA,0,10000
Nd,neodymium,mg/L,UNKNOWN,chem_discrete,Cations,expression(UNKNOWN),NA,1,Nd,Not sure what valence to use,0,1000000
Nd145,neodymium-145,mg/L,UNKNOWN,chem_discrete,Cations,expression(UNKNOWN),NA,1,Nd,Not sure what valence to use,0,1000000
NH3,ammonia,mg/L,UNKNOWN,chem_discrete,Cations,expression(NH[3]),0,1,NH3,NA,NA,NA
NH3_N,ammonia-nitrogen,mg/L,phenate method,chem_discrete,Cations,expression(UNKNOWN),NA,1,N,NA,0,100
NH3_NH4,ammonia and ammonium,mg/L,UNKNOWN,chem_discrete,Cations,expression(UNKNOWN),NA,1,NA,not sure what valence,NA,NA
NH3_NH4_N,ammonia-nitrogen and ammonium-nitrogen,mg/L,UNKNOWN,chem_discrete,Cations,expression(UNKNOWN),NA,1,N,not sure what valence,0,100
NH4,ammonium,mg/L,UNKNOWN,chem_discrete,Cations,expression(NH[4]^'+'),1,1,NH4,NA,0,100
NH4_N,ammonium-nitrogen,mg/L,phenate method,chem_discrete,Cations,expression(UNKNOWN),1,1,N,NA,0,100
Pr,praseodymium,mg/L,UNKNOWN,chem_discrete,Cations,expression(Pr^'+3'),3,1,Pr,Check valence,0,1000000
Rb,rubidium,mg/L,UNKNOWN,chem_discrete,Cations,expression(UNKNOWN),NA,1,Rb,Not sure what valence to use,0,1000000
Sb,antimony,mg/L,UNKNOWN,chem_discrete,Cations,expression(UNKNOWN),4,1,Sb,"Antimony looks like it has both 3+ and 5+, using 4 as mean",0,1000000
Sm,samarium,mg/L,UNKNOWN,chem_discrete,Cations,expression(UNKNOWN),NA,1,Sm,Not sure what valence to use,0,1000000
Sm147,samarium-147,mg/L,UNKNOWN,chem_discrete,Cations,expression(UNKNOWN),NA,1,Sm,Not sure what valence to use,0,1000000
Sn,tin,mg/L,UNKNOWN,chem_discrete,Cations,expression(UNKNOWN),3,1,Sn,"Tin looks like it has both 2+ and 4+, using 3 as mean",0,1000000
Sn118,tin-118,mg/L,UNKNOWN,chem_discrete,Cations,expression(UNKNOWN),3,1,Sn,"Tin looks like it has both 2+ and 4+, using 3 as mean",0,1000000
Tb,terbium,mg/L,UNKNOWN,chem_discrete,Cations,expression(UNKNOWN),NA,1,Tb,Not sure what valence to use,0,1000000
Th,thorium,mg/L,UNKNOWN,chem_discrete,Cations,expression(UNKNOWN),NA,1,Th,Not sure what valence to use,0,1000000
Ti,titanium,mg/L,UNKNOWN,chem_discrete,Cations,expression(UNKNOWN),2.5,1,Ti,NA,0,1000000
Ti49,titanium-49,mg/L,UNKNOWN,chem_discrete,Cations,expression(UNKNOWN),2.5,1,Ti,NA,0,1000000
Tl,thallium,mg/L,UNKNOWN,chem_discrete,Cations,expression(UNKNOWN),NA,1,Tl,Not sure what valence to use,0,1000000
Tm,thulium,mg/L,UNKNOWN,chem_discrete,Cations,expression(UNKNOWN),NA,1,Tm,Not sure what valence to use,0,1000000
U,uranium,mg/L,UNKNOWN,chem_discrete,Cations,expression(UNKNOWN),NA,1,U,Not sure what valence to use,0,1000000
V,vanadium,mg/L,UNKNOWN,chem_discrete,Cations,expression(UNKNOWN),NA,1,V,Not sure what valence to use,0,1000000
Y,yttrium,mg/L,UNKNOWN,chem_discrete,Cations,expression(Y^'+3'),3,1,Y,NA,0,1000000
Yb,ytterbium,mg/L,UNKNOWN,chem_discrete,Cations,expression(UNKNOWN),NA,1,Yb,Not sure what valence to use,0,1000000
Zr,zirconium,mg/L,UNKNOWN,chem_discrete,Cations,expression(UNKNOWN),NA,1,Zr,Not sure what valence to use,0,1000000
Al,aluminum,mg/L,UNKNOWN,chem_discrete,Other,expression(UNKNOWN),3,1,Al,NA,0,10
Au,gold,mg/L,UNKNOWN,chem_discrete,Other,expression(UNKNOWN),NA,1,Au,NA,0,1000000
Bi,bismuth,mg/L,UNKNOWN,chem_discrete,Other,expression(UNKNOWN),NA,1,Bi,NA,0,1000000
Cr,chromium,mg/L,Absorption/Emission Spectrophotometer,chem_discrete,Other,expression(UNKNOWN),NA,1,Cr,"Many ion forms, not sure which to use over mean?",0,1000000
Cu,copper,mg/L,Absorption/Emission Spectrophotometer,chem_discrete,Other,expression(Cu^'+2'),2,1,Cu,NA,0,1000000
Ga,gallium,mg/L,UNKNOWN,chem_discrete,Other,expression(UNKNOWN),NA,1,Ga,NA,0,1000000
Hf,hafnium,mg/L,UNKNOWN,chem_discrete,Other,expression(UNKNOWN),NA,1,Hf,NA,0,1000000
Hg,mercury,mg/L,UNKNOWN,chem_discrete,Other,expression(UNKNOWN),NA,1,Hg,NA,0,1000000
CH3Hg,methylmercury,mg/L,UNKNOWN,chem_discrete,Other,expression(UNKNOWN),NA,1,CH3Hg,NA,NA,NA
I,iodine,mg/L,UNKNOWN,chem_discrete,Other,expression(UNKNOWN),NA,1,I,NA,0,1000000
Ir,iridium,mg/L,UNKNOWN,chem_discrete,Other,expression(UNKNOWN),NA,1,Ir,NA,0,1000000
Nb,niobium,mg/L,UNKNOWN,chem_discrete,Other,expression(UNKNOWN),NA,1,Nb,NA,0,1000000
Ni,nickel,mg/L,Absorption/Emission Spectrophotometer,chem_discrete,Other,expression(Ni^'+2'),2,1,Ni,NA,0,1000000
Ni60,nickel-60,mg/L,Absorption/Emission Spectrophotometer,chem_discrete,Other,expression(Ni^'+2'),2,1,Ni,NA,0,1000000
OMAl,"aluminum, organic monomeric",mg/L,UNKNOWN,chem_discrete,Other,expression(UNKNOWN),3,1,Al,NA,0,10
OAl,"aluminum, organic",mg/L,UNKNOWN,chem_discrete,Other,expression(UNKNOWN),3,1,Al,NA,0,10
Os,osmium,mg/L,UNKNOWN,chem_discrete,Other,expression(UNKNOWN),NA,1,Os,NA,0,1000000
Pb,lead,mg/L,Absorption/Emission Spectrophotometer,chem_discrete,Other,expression(Pb^'+4'),4,1,Pb,NA,0,1000000
Pd,palladium,mg/L,UNKNOWN,chem_discrete,Other,expression(UNKNOWN),NA,1,Pd,NA,0,1000000
Pt,platinum,mg/L,UNKNOWN,chem_discrete,Other,expression(UNKNOWN),NA,1,Pt,NA,0,1000000
Re,rhenium,mg/L,UNKNOWN,chem_discrete,Other,expression(UNKNOWN),NA,1,Re,NA,0,1000000
Rh,rhodium,mg/L,UNKNOWN,chem_discrete,Other,expression(UNKNOWN),NA,1,Rh,NA,0,1000000
Ru,ruthenium,mg/L,UNKNOWN,chem_discrete,Other,expression(UNKNOWN),NA,1,Ru,NA,0,1000000
S,sulfur,mg/L,Absorption/Emission Spectrophotometer,chem_discrete,Other,expression(UNKNOWN),6,1,S,NA,0,1000000
Sc,scandium,mg/L,UNKNOWN,chem_discrete,Other,expression(UNKNOWN),NA,1,Sc,NA,0,1000000
SiO2,silica,mg/L,molybdenum blue,chem_discrete,Other,expression(SiO[2]),1,1,SiO2,NA,0,1000
SiO2_Si,silica-silicon,mg/L,UNKNOWN,chem_discrete,Other,expression(UNKNOWN),1,1,Si,NA,0,1000
SiO3,silicate,mg/L,UNKNOWN,chem_discrete,Other,expression(UNKNOWN),1,1,SiO3,NA,0,1000
SiO3_Si,silicate-silicon,mg/L,UNKNOWN,chem_discrete,Other,expression(UNKNOWN),1,1,Si,NA,0,1000
Sr,strontium,mg/L,Absorption/Emission Spectrophotometer,chem_discrete,Other,expression(Sr^'+2'),2,1,Sr,NA,0,1000000
Sr88,strontium-88,mg/L,UNKNOWN,chem_discrete,Other,expression(UNKNOWN),NA,1,Sr,NA,NA,NA
Ta,tantalum,mg/L,UNKNOWN,chem_discrete,Other,expression(UNKNOWN),NA,1,Ta,NA,0,1000000
Te,tellurium,mg/L,UNKNOWN,chem_discrete,Other,expression(UNKNOWN),NA,1,Te,NA,0,1000000
TMAl,"aluminum, total monomeric",mg/L,UNKNOWN,chem_discrete,Other,expression(UNKNOWN),3,1,Al,NA,0,10
W,tungsten,mg/L,UNKNOWN,chem_discrete,Other,expression(UNKNOWN),NA,1,W,NA,0,1000000
Zn,zinc,mg/L,Absorption/Emission Spectrophotometer,chem_discrete,Other,expression(Zn^'+2'),2,1,Zn,NA,0,1000000
orthophosphate,orthophosphate as phosphate,mg/L,UNKNOWN,chem_mix,Anions,expression(UNKNOWN),3,1,PO4,NA,0,1000000
orthophosphate_P,orthophosphate as phosphorus,mg/L,UNKNOWN,chem_mix,Anions,expression(UNKNOWN),3,1,P,NA,0,1000000
alk,alkalinity,mg/L,electrometric titration to pH 4.5,chem_mix,Other,expression(UNKNOWN),NA,1,NA,NA,0,100000
ANC,acid neutralizing capacity,eq/L,UNKNOWN,chem_mix,Other,expression(UNKNOWN),2,0,CaCO3,NA,NA,NA
AnCaR,anion-cation ratio,unitless,UNKNOWN,chem_mix,Other,expression(UNKNOWN),NA,0,NA,NA,NA,NA
anionCharge,total anion charge,ueq/L,UNKNOWN,chem_mix,Other,expression(UNKNOWN),NA,0,NA,NA,NA,NA
BPC,"carbon, benthic particulate",mg/cm2,"Epilithic - Whole Rock, PE2400 CHN Combustion Method",chem_mix,Other,expression(mg/cm^'2'),NA,0,NA,NA,0,NA
BPN,"nitrogen, benthic particulate",mg/cm2,"Epilithic - Whole Rock, PE2400 CHN Combustion Method",chem_mix,Other,expression(mg/cm^'2'),NA,0,NA,NA,0,NA
BPP,"phosphorus, benthic particulate",mg/cm2,"Epilithic - Whole Rock, PE2400 CHN Combustion Method",chem_mix,Other,expression(mg/cm^'2'),NA,0,NA,NA,0,NA
cationCharge,total cation charge,ueq/L,UNKNOWN,chem_mix,Other,expression(UNKNOWN),NA,0,NA,NA,NA,NA
DIC,"carbon, dissolved inorganic",mg/L,UNKNOWN,chem_mix,Other,expression(UNKNOWN),1,1,C,NA,0,100000
DIN,"nitrogen, dissolved inorganic",mg/L,UNKNOWN,chem_mix,Other,expression(UNKNOWN),1,1,N,NA,NA,2000
DOC,"carbon, dissolved organic",mg/L,combustion,chem_mix,Other,expression(UNKNOWN),1,1,C,NA,0,1000
DON,"nitrogen, dissolved organic",mg/L,derived,chem_mix,Other,expression(UNKNOWN),1,1,N,NA,0,1000
DOP,"phosphorus, dissolved organic",mg/L,UNKNOWN,chem_mix,Other,expression(UNKNOWN),1,1,P,NA,0,1000000
FDOM,"organic matter, fluorescent dissolved",QSU,UNKNOWN,chem_mix,Other,expression(UNKNOWN),NA,0,NA,NA,0,NA
ionBalance,ion balance,ueq/L,UNKNOWN,chem_mix,Other,expression(UNKNOWN),NA,0,NA,NA,NA,NA
NO3_NO2,nitrate and nitrite,mg/L,UNKNOWN,chem_mix,Other,expression(UNKNOWN),1,1,NO3,NA,0,1000000
NO3_NO2_N,nitrate-nitrogen and nitrite-nitrogen,mg/L,UNKNOWN,chem_mix,Other,expression(UNKNOWN),1,1,N,NA,0,1000000
pH,pH,unitless,UNKNOWN,chem_mix,Other,expression(UNKNOWN),NA,0,NA,NA,0,14
POC,"carbon, particulate organic",mg/L,UNKNOWN,chem_mix,Other,expression(UNKNOWN),1,1,C,NA,0,1000000
PON,"nitrogen, particulate organic",mg/L,UNKNOWN,chem_mix,Other,expression(UNKNOWN),1,1,N,NA,0,1000000
salinity,salinity,permil,UNKNOWN,chem_mix,Other,expression(UNKNOWN),NA,0,NA,NA,0,1000000
spCond,specific conductance,uS/cm,UNKNOWN,chem_mix,Other,expression(UNKNOWN),NA,0,NA,NA,0,20000
TC,"carbon, total",mg/L,UNKNOWN,chem_mix,Other,expression(UNKNOWN),1,1,C,NA,0,1000000
TDN,"nitrogen, total dissolved",mg/L,persulfate digestion - calorimetric analysis,chem_mix,Other,expression(UNKNOWN),1,1,N,NA,0,3000
TDP,"phosphorus, total dissolved",mg/L,persulfate digestion - ascorbic acid finish,chem_mix,Other,expression(UNKNOWN),1,1,P,NA,0,100
TDS,"solids, total dissolved",mg/L,UNKNOWN,chem_mix,Other,expression(UNKNOWN),NA,0,NA,NA,0,1000000
TIC,"carbon, total inorganic",mg/L,UNKNOWN,chem_mix,Other,expression(UNKNOWN),1,1,C,NA,0,1000000
TIN,"nitrogen, total inorganic",mg/L,UNKNOWN,chem_mix,Other,expression(UNKNOWN),1,1,N,NA,0,1000000
TIP,"phosphorus, total inorganic",mg/L,UNKNOWN,chem_mix,Other,expression(UNKNOWN),1,1,P,NA,0,1000000
TKN,"nitrogen, total Kjeldahl",mg/L,Kjeldahl digestion - nessler finish,chem_mix,Other,expression(UNKNOWN),1,1,N,NA,0,2000
TDKN,"nitrogen, total dissolved Kjeldahl",mg/L,Kjeldahl digestion - nessler finish,chem_mix,Other,expression(UNKNOWN),1,1,N,NA,NA,NA
TN,"nitrogen, total",mg/L,UNKNOWN,chem_mix,Other,expression(UNKNOWN),1,1,N,NA,0,1000000
TOC,"carbon, total organic",mg/L,UNKNOWN,chem_mix,Other,expression(UNKNOWN),1,1,C,NA,0,1000000
TON,"nitrogen, total organic",mg/L,UNKNOWN,chem_mix,Other,expression(UNKNOWN),1,1,N,NA,0,1000000
TP,"phosphorus, total",mg/L,UNKNOWN,chem_mix,Other,expression(UNKNOWN),1,1,P,NA,0,1000000
TPC,"carbon, total particulate",mg/L,UNKNOWN,chem_mix,Other,expression(UNKNOWN),NA,0,C,NA,0,1000000
TPN,"nitrogen, total particulate",mg/L,UNKNOWN,chem_mix,Other,expression(UNKNOWN),NA,0,N,NA,0,1000000
TPP,"phosphorus, total particulate",mg/L,UNKNOWN,chem_mix,Other,expression(UNKNOWN),NA,0,P,NA,0,1000000
CH4,methane,mg/L,UNKNOWN,gas,Other,expression(UNKNOWN),NA,0,CH4,NA,0,10000
CH4_C,methane-carbon,mg/L,UNKNOWN,gas,Other,expression(UNKNOWN),NA,0,C,NA,NA,NA
CO2,carbon dioxide,mg/L,UNKNOWN,gas,Other,expression(UNKNOWN),NA,0,CO2,NA,0,100000
CO2_C,carbon dioxide-carbon,mg/L,UNKNOWN,gas,Other,expression(UNKNOWN),NA,0,C,NA,NA,NA
DO,dissolved oxygen,mg/L,UNKNOWN,gas,Other,expression(UNKNOWN),NA,0,O,NA,-0.5,40
DO_sat,"dissolved oxygen, percent saturation",%,UNKNOWN,gas,Other,expression(UNKNOWN),NA,0,O,NA,0,200
N2O,nitrous oxide,mg/L,UNKNOWN,gas,Other,expression(UNKNOWN),NA,0,N2O,NA,0,NA
CUSTOMprecipitation,basin precipitation (determined by primary source),mm,UNKNOWN,hydro,Other,expression(UNKNOWN),NA,0,NA,NA,0,NA
discharge,discharge,L/s,UNKNOWN,hydro,Other,expression(UNKNOWN),NA,0,NA,NA,0,250000000
precipitation,precipitation at gauge,mm,UNKNOWN,hydro,Other,expression(UNKNOWN),NA,0,NA,NA,0,NA
abs250,UV absorbance at 250nm,unitless,UNKNOWN,phys,Other,expression(UNKNOWN),NA,0,NA,NA,NA,NA
abs254,UV absorbance at 254nm,unitless,UNKNOWN,phys,Other,expression(UNKNOWN),NA,0,NA,NA,NA,NA
abs254_cm,UV absorbance at 254nm,AU/cm,UNKNOWN,phys,Other,expression(UNKNOWN),NA,0,NA,NA,NA,NA
abs280,UV absorbance at 280nm,unitless,UNKNOWN,phys,Other,expression(UNKNOWN),NA,0,NA,NA,NA,NA
abs365,UV absorbance at 365nm,unitless,UNKNOWN,phys,Other,expression(UNKNOWN),NA,0,NA,NA,NA,NA
abs420,UV absorbance at 420nm,unitless,UNKNOWN,phys,Other,expression(UNKNOWN),NA,0,NA,NA,NA,NA
abs436,UV absorbance at 436nm,unitless,UNKNOWN,phys,Other,expression(UNKNOWN),NA,0,NA,NA,NA,NA
abs440,UV absorbance at 440nm,unitless,UNKNOWN,phys,Other,expression(UNKNOWN),NA,0,NA,NA,NA,NA
d13C,delta 13 carbon,permil,UNKNOWN,isotope,Other,expression(UNKNOWN),NA,0,C,NA,NA,NA
d13C_DIC,delta 13 carbon of dissolved inorganic carbon,permil,UNKNOWN,isotope,Other,expression(UNKNOWN),NA,0,C,NA,NA,NA
d18O,delta 18 oxygen,permil,UNKNOWN,isotope,Other,expression(UNKNOWN),NA,0,O,NA,NA,NA
87Sr_86Sr,strontium 87 to 86 mass ratio,unitless,UNKNOWN,isotope,Other,expression(UNKNOWN),NA,0,Sr,NA,NA,NA
d34S,delta 34 sulfur,permil,UNKNOWN,isotope,Other,expression(UNKNOWN),NA,0,S,NA,NA,NA
dD,delta 2 hydrogen (deuterium),permil,UNKNOWN,isotope,Other,expression(UNKNOWN),NA,0,H,NA,NA,NA
tritium,tritium,TU,UNKNOWN,isotope,Other,expression(UNKNOWN),NA,0,H,NA,NA,NA
d15N_NO3,delta 15 nitrogen of nitrate,permil,UNKNOWN,isotope,Other,expression(UNKNOWN),NA,0,NO3,NA,NA,NA
d18O_NO3,delta 18 oxygen of nitrate,permil,UNKNOWN,isotope,Other,expression(UNKNOWN),NA,0,NO3,NA,NA,NA
d18O_SO4,delta 18 oxygen of sulfate,permil,UNKNOWN,isotope,Other,expression(UNKNOWN),NA,0,SO4,NA,NA,NA
d34S_SO4,delta 34 sulfur of sulfate,permil,UNKNOWN,isotope,Other,expression(UNKNOWN),NA,0,SO4,NA,NA,NA
FI,fluorescence index,nm/nm,UNKNOWN,chem_mix,Other,expression(UNKNOWN),NA,0,NA,NA,NA,NA
HIX,humification index,nm/nm,UNKNOWN,chem_mix,Other,expression(UNKNOWN),NA,0,NA,NA,NA,NA
PAR,photosynthetically active radiation,uM/m^2/s,UNKNOWN,phys,Other,expression(UNKNOWN),NA,0,NA,NA,0,NA
suspSed,suspended sediment,mg/L,gravimetric,phys,Other,expression(UNKNOWN),NA,1,NA,NA,0,100000
SUVA,specific UV absorbance,L/mgm,UNKNOWN,phys,Other,expression(UNKNOWN),NA,0,NA,NA,NA,NA
temp,water temperature,degrees C,UNKNOWN,phys,Other,expression(UNKNOWN),NA,0,NA,NA,-100,100
TSS,"solids, total suspended",mg/L,UNKNOWN,phys,Other,expression(UNKNOWN),NA,0,NA,NA,0,1000000
fecal_coliform,fecal coliform,#/mL,UNKNOWN,bio,Other,expression(UNKNOWN),NA,0,NA,NA,0,NA
turbid_FNU,turbidity (FNU),FNU,UNKNOWN,phys,Other,expression(UNKNOWN),NA,0,NA,NA,0,NA
turbid_NTU,trurbidity (NTU),NTU,UNKNOWN,phys,Other,expression(UNKNOWN),NA,0,NA,NA,NA,NA
VSS,"suspended sediment, volatile",mg/L,UNKNOWN,phys,Other,expression(UNKNOWN),NA,0,NA,NA,0,1000000
vb_fpar_min,watershed min FPAR (fraction of absorbed photosynthetically active radiation),%,UNKNOWN,ws_char,Fraction of Absorbed Photosynthetically Active Radiation,NA,NA,NA,NA,NA,NA,NA
vb_fpar_max,watershed max FPAR (fraction of absorbed photosynthetically active radiation),%,UNKNOWN,ws_char,Fraction of Absorbed Photosynthetically Active Radiation,NA,NA,NA,NA,NA,NA,NA
vb_fpar_mean,watershed mean FPAR (fraction of absorbed photosynthetically active radiation),%,UNKNOWN,ws_char,Fraction of Absorbed Photosynthetically Active Radiation,NA,NA,NA,NA,NA,NA,NA
vb_fpar_median,watershed median FPAR (fraction of absorbed photosynthetically active radiation),%,UNKNOWN,ws_char,Fraction of Absorbed Photosynthetically Active Radiation,NA,NA,0,NA,NA,NA,NA
vb_fpar_sd,standard deviation of watershed FPAR (fraction of absorbed photosynthetically active radiation),%,UNKNOWN,ws_char,Fraction of Absorbed Photosynthetically Active Radiation,NA,NA,0,NA,NA,NA,NA
pd_geo_Al2O3_mean,watershed aluminum oxide mean (surface or near surface geology),%,UNKNOWN,ws_char,Geochemistry,NA,NA,0,NA,NA,NA,NA
pd_geo_Al2O3_sd,watershed aluminum oxide standard deviation (surface or near surface geology),%,UNKNOWN,ws_char,Geochemistry,NA,NA,0,NA,NA,NA,NA
pd_geo_CaO_mean,watershed calcium oxide mean (surface or near surface geology),%,UNKNOWN,ws_char,Geochemistry,NA,NA,0,NA,NA,NA,NA
pd_geo_CaO_sd,watershed calcium oxide standard deviation (surface or near surface geology),%,UNKNOWN,ws_char,Geochemistry,NA,NA,0,NA,NA,NA,NA
pd_geo_CompressStrength_mean,watershed uniaxial compressive strength mean (surface or near surface geology),MPa,UNKNOWN,ws_char,Geochemistry,NA,NA,0,NA,NA,NA,NA
pd_geo_CompressStrength_sd,watershed uniaxial compressive strength standard deviation (surface or near surface geology),MPa,UNKNOWN,ws_char,Geochemistry,NA,NA,0,NA,NA,NA,NA
pd_geo_Fe2O3_mean,watershed ferric oxide mean (surface or near surface geology),%,UNKNOWN,ws_char,Geochemistry,NA,NA,0,NA,NA,NA,NA
pd_geo_Fe2O3_sd,watershed ferric oxide standard deviation (surface or near surface geology),%,UNKNOWN,ws_char,Geochemistry,NA,NA,0,NA,NA,NA,NA
pd_geo_HydaulicCond_mean,watershed hydraulic conductivity mean (surface or near surface geology),um/s,UNKNOWN,ws_char,Geochemistry,NA,NA,0,NA,NA,NA,NA
pd_geo_HydaulicCond_sd,watershed hydraulic conductivity standard deviation (surface or near surface geology),um/s,UNKNOWN,ws_char,Geochemistry,NA,NA,0,NA,NA,NA,NA
pd_geo_K2O_mean,watershed potassium oxide mean (surface or near surface geology),%,UNKNOWN,ws_char,Geochemistry,NA,NA,0,NA,NA,NA,NA
pd_geo_K2O_sd,watershed potassium oxide standard deviation (surface or near surface geology),%,UNKNOWN,ws_char,Geochemistry,NA,NA,0,NA,NA,NA,NA
pd_geo_MgO_mean,watershed magnesium oxide mean (surface or near surface geology),%,UNKNOWN,ws_char,Geochemistry,NA,NA,0,NA,NA,NA,NA
pd_geo_MgO_sd,watershed magnesium oxide standard deviation (surface or near surface geology),%,UNKNOWN,ws_char,Geochemistry,NA,NA,0,NA,NA,NA,NA
pd_geo_N_mean,watershed nitrogen mean (surface or near surface geology),%,UNKNOWN,ws_char,Geochemistry,NA,NA,0,NA,NA,NA,NA
pd_geo_N_sd,watershed nitrogen standard deviation (surface or near surface geology),%,UNKNOWN,ws_char,Geochemistry,NA,NA,0,NA,NA,NA,NA
pd_geo_Na2O_mean,watershed sodium oxide mean (surface or near surface geology),%,UNKNOWN,ws_char,Geochemistry,NA,NA,0,NA,NA,NA,NA
pd_geo_Na2O_sd,watershed sodium oxide standard deviation (surface or near surface geology),%,UNKNOWN,ws_char,Geochemistry,NA,NA,0,NA,NA,NA,NA
pd_geo_P2O5_mean,watershed phosphorus pentoxide mean (surface or near surface geology),%,UNKNOWN,ws_char,Geochemistry,NA,NA,0,NA,NA,NA,NA
pd_geo_P2O5_sd,watershed phosphorus pentoxide standard deviation (surface or near surface geology),%,UNKNOWN,ws_char,Geochemistry,NA,NA,0,NA,NA,NA,NA
pd_geo_S_mean,watershed sulfur mean (surface or near surface geology),%,UNKNOWN,ws_char,Geochemistry,NA,NA,0,NA,NA,NA,NA
pd_geo_S_sd,watershed sulfur standard deviation (surface or near surface geology),%,UNKNOWN,ws_char,Geochemistry,NA,NA,0,NA,NA,NA,NA
pd_geo_SiO2_mean,watershed silicon dioxide mean (surface or near surface geology),%,UNKNOWN,ws_char,Geochemistry,NA,NA,0,NA,NA,NA,NA
pd_geo_SiO2_sd,watershed silicon dioxide standard deviation (surface or near surface geology),%,UNKNOWN,ws_char,Geochemistry,NA,NA,0,NA,NA,NA,NA
ck_et_ref_mean,watershed mean annual evapotranspiration (grass reference),mm,UNKNOWN,ws_char,GRIDMET,NA,NA,NA,NA,NA,NA,NA
ck_et_ref_median,daily median of watershed evapotranspiration (grass reference),mm,UNKNOWN,ws_char,GRIDMET,NA,NA,0,NA,NA,NA,NA
ck_et_ref_sd,daily standard deviation of watershed evapotranspiration (grass reference),mm,UNKNOWN,ws_char,GRIDMET,NA,NA,0,NA,NA,NA,NA
va_gpp_median,daily watershed median terrestrial gross primary production,kg*C/m^2,UNKNOWN,ws_char,Gross Primary Production,NA,NA,0,NA,NA,NA,NA
va_gpp_sd,daily standard deviation of terrestrial gross primary production,kg*C/m^2,UNKNOWN,ws_char,Gross Primary Production,NA,NA,0,NA,NA,NA,NA
hd_bfi_mean,mean baseflow index (ratio of base flow to total flow),%,UNKNOWN,ws_char,Hydrology,NA,NA,0,NA,NA,NA,NA
hd_bfi_sd,baseflow index standard deviation,%,UNKNOWN,ws_char,Hydrology,NA,NA,0,NA,NA,NA,NA
vb_lai_median,watershed median LAI (leaf area index),unitless,UNKNOWN,ws_char,Leaf Area Index,NA,NA,0,NA,NA,NA,NA
vb_lai_sd,standard deviation of watershed LAI (leaf area index),unitless,UNKNOWN,ws_char,Leaf Area Index,NA,NA,0,NA,NA,NA,NA
pn_geol_class_EV,watershed underlying geologic class: evaporites,%,UNKNOWN,ws_char,Lithology,NA,NA,0,NA,NA,NA,NA
pn_geol_class_IG,watershed underlying geologic class: ice and glaciers,%,UNKNOWN,ws_char,Lithology,NA,NA,0,NA,NA,NA,NA
pn_geol_class_MT,watershed underlying geologic class: metamorphic rocks,%,UNKNOWN,ws_char,Lithology,NA,NA,0,NA,NA,NA,NA
pn_geol_class_ND,watershed underlying geologic class: no data,%,UNKNOWN,ws_char,Lithology,NA,NA,0,NA,NA,NA,NA
pn_geol_class_PA,watershed underlying geologic class: acid plutonic rocks,%,UNKNOWN,ws_char,Lithology,NA,NA,0,NA,NA,NA,NA
pn_geol_class_PB,watershed underlying geologic class: basic plutonic rocks,%,UNKNOWN,ws_char,Lithology,NA,NA,0,NA,NA,NA,NA
pn_geol_class_PI,watershed underlying geologic class: intermediate plutonic rock,%,UNKNOWN,ws_char,Lithology,NA,NA,0,NA,NA,NA,NA
pn_geol_class_PY,watershed underlying geologic class: pyroclastics,%,UNKNOWN,ws_char,Lithology,NA,NA,0,NA,NA,NA,NA
pn_geol_class_SC,watershed underlying geologic class: carbonate sedimentary rocks,%,UNKNOWN,ws_char,Lithology,NA,NA,0,NA,NA,NA,NA
pn_geol_class_SM,watershed underlying geologic class: mixed sedimentary rocks,%,UNKNOWN,ws_char,Lithology,NA,NA,0,NA,NA,NA,NA
pn_geol_class_SS,watershed underlying geologic class: siliciclastic sedimentary rock,%,UNKNOWN,ws_char,Lithology,NA,NA,0,NA,NA,NA,NA
pn_geol_class_SU,watershed underlying geologic class: unconsolidated sediments,%,UNKNOWN,ws_char,Lithology,NA,NA,0,NA,NA,NA,NA
pn_geol_class_VA,watershed underlying geologic class: acid volcanic rocks,%,UNKNOWN,ws_char,Lithology,NA,NA,0,NA,NA,NA,NA
pn_geol_class_VB,watershed underlying geologic class: basic volcanic rocks,%,UNKNOWN,ws_char,Lithology,NA,NA,0,NA,NA,NA,NA
pn_geol_class_VI,watershed underlying geologic class: intermediate volcanic rock,%,UNKNOWN,ws_char,Lithology,NA,NA,0,NA,NA,NA,NA
pn_geol_class_WB,watershed underlying geologic class: water bodies,%,UNKNOWN,ws_char,Lithology,NA,NA,0,NA,NA,NA,NA
lb_igbp_barren,MODIS IGBP landcover classification: Barren or sparsely vegetated,%,UNKNOWN,ws_char,MODIS Land Cover,NA,NA,0,NA,NA,NA,NA
lb_igbp_closed_shrub,MODIS IGBP landcover classification: Closed shrublands,%,UNKNOWN,ws_char,MODIS Land Cover,NA,NA,0,NA,NA,NA,NA
lb_igbp_crop_natural_mos,MODIS IGBP landcover classification: Cropland / natural vegetation mosaic,%,UNKNOWN,ws_char,MODIS Land Cover,NA,NA,0,NA,NA,NA,NA
lb_igbp_cropland,MODIS IGBP landcover classification: Croplands,%,UNKNOWN,ws_char,MODIS Land Cover,NA,NA,0,NA,NA,NA,NA
lb_igbp_decid_broad_for,MODIS IGBP landcover classification: Deciduous broadleaf forest,%,UNKNOWN,ws_char,MODIS Land Cover,NA,NA,0,NA,NA,NA,NA
lb_igbp_decid_need_for,MODIS IGBP landcover classification: Deciduous needleleaf forest,%,UNKNOWN,ws_char,MODIS Land Cover,NA,NA,0,NA,NA,NA,NA
lb_igbp_ev_broad_for,MODIS IGBP landcover classification: Evergreen broadleaf forest,%,UNKNOWN,ws_char,MODIS Land Cover,NA,NA,0,NA,NA,NA,NA
lb_igbp_ev_need_for,MODIS IGBP landcover classification: Evergreen needleleaf forest,%,UNKNOWN,ws_char,MODIS Land Cover,NA,NA,0,NA,NA,NA,NA
lb_igbp_grassland,MODIS IGBP landcover classification: Grasslands,%,UNKNOWN,ws_char,MODIS Land Cover,NA,NA,0,NA,NA,NA,NA
lb_igbp_mixed_for,MODIS IGBP landcover classification: Mixed forest,%,UNKNOWN,ws_char,MODIS Land Cover,NA,NA,0,NA,NA,NA,NA
lb_igbp_open_shrub,MODIS IGBP landcover classification: Open shrublands,%,UNKNOWN,ws_char,MODIS Land Cover,NA,NA,0,NA,NA,NA,NA
lb_igbp_per_wetland,MODIS IGBP landcover classification: Permanent wetlands,%,UNKNOWN,ws_char,MODIS Land Cover,NA,NA,0,NA,NA,NA,NA
lb_igbp_perm_snow,MODIS IGBP landcover classification: Snow and ice,%,UNKNOWN,ws_char,MODIS Land Cover,NA,NA,0,NA,NA,NA,NA
lb_igbp_savanna,MODIS IGBP landcover classification: Savannah,%,UNKNOWN,ws_char,MODIS Land Cover,NA,NA,0,NA,NA,NA,NA
lb_igbp_unclassified,MODIS IGBP landcover classification: Unclassified,%,UNKNOWN,ws_char,MODIS Land Cover,NA,NA,0,NA,NA,NA,NA
lb_igbp_urban,MODIS IGBP landcover classification: Urban and builtup areas,%,UNKNOWN,ws_char,MODIS Land Cover,NA,NA,0,NA,NA,NA,NA
lb_igbp_water,MODIS IGBP landcover classification: Water,%,UNKNOWN,ws_char,MODIS Land Cover,NA,NA,0,NA,NA,NA,NA
lb_igbp_woody_sav,MODIS IGBP landcover classification: Woody savannah,%,UNKNOWN,ws_char,MODIS Land Cover,NA,NA,0,NA,NA,NA,NA
vb_bare_cover_median,median of MODIS GFCC vegetation classification: bare cover,%,UNKNOWN,ws_char,MODIS Land Cover,NA,NA,0,NA,NA,NA,NA
vb_bare_cover_sd,standard deviation of MODIS GFCC vegetation classification: bare cover,%,UNKNOWN,ws_char,MODIS Land Cover,NA,NA,0,NA,NA,NA,NA
vb_tree_cover_median,median of MODIS GFCC vegetation classification: tree cover,%,UNKNOWN,ws_char,MODIS Land Cover,NA,NA,0,NA,NA,NA,NA
vb_tree_cover_sd,standard deviation of MODIS GFCC vegetation classification: tree cover,%,UNKNOWN,ws_char,MODIS Land Cover,NA,NA,0,NA,NA,NA,NA
vb_veg_cover_median,median of MODIS GFCC vegetation classification: non-tree vegetation,%,UNKNOWN,ws_char,MODIS Land Cover,NA,NA,0,NA,NA,NA,NA
vb_veg_cover_sd,standard deviation of MODIS GFCC vegetation classification: non-tree vegetation,%,UNKNOWN,ws_char,MODIS Land Cover,NA,NA,0,NA,NA,NA,NA
ch_annual_Ca_flux_mean,watershed mean annual atmospheric calcium flux,kg/ha/yr,UNKNOWN,ws_char,NADP,NA,NA,0,NA,NA,NA,NA
ch_annual_Ca_flux_sd_space,watershed annual atmospheric calcium flux standard deviation,kg/ha/yr,UNKNOWN,ws_char,NADP,NA,NA,0,NA,NA,NA,NA
ch_annual_Cl_flux_mean,watershed mean annual atmospheric chlorine flux,kg/ha/yr,UNKNOWN,ws_char,NADP,NA,NA,0,NA,NA,NA,NA
ch_annual_Cl_flux_sd_space,watershed annual atmospheric chlorine flux standard deviation,kg/ha/yr,UNKNOWN,ws_char,NADP,NA,NA,0,NA,NA,NA,NA
ch_annual_H_flux_mean,watershed mean annual atmospheric hydrogen ion flux,kg/ha/yr,UNKNOWN,ws_char,NADP,NA,NA,0,NA,NA,NA,NA
ch_annual_H_flux_sd_space,watershed annual atmospheric hydrogen ion flux standard deviation,kg/ha/yr,UNKNOWN,ws_char,NADP,NA,NA,0,NA,NA,NA,NA
ch_annual_K_flux_mean,watershed mean annual atmospheric potassium flux,kg/ha/yr,UNKNOWN,ws_char,NADP,NA,NA,0,NA,NA,NA,NA
ch_annual_K_flux_sd_space,watershed annual atmospheric potassium flux standard deviation,kg/ha/yr,UNKNOWN,ws_char,NADP,NA,NA,0,NA,NA,NA,NA
ch_annual_Mg_flux_mean,watershed mean annual atmospheric magnesium flux,kg/ha/yr,UNKNOWN,ws_char,NADP,NA,NA,0,NA,NA,NA,NA
ch_annual_Mg_flux_sd_space,watershed annual atmospheric magnesium flux standard deviation,kg/ha/yr,UNKNOWN,ws_char,NADP,NA,NA,0,NA,NA,NA,NA
ch_annual_N_flux_mean,watershed mean annual atmospheric inorganic nitrogen flux,kg/ha/yr,UNKNOWN,ws_char,NADP,NA,NA,0,NA,NA,NA,NA
ch_annual_N_flux_sd_space,watershed annual atmospheric inorganic nitrogen flux standard deviation,kg/ha/yr,UNKNOWN,ws_char,NADP,NA,NA,0,NA,NA,NA,NA
ch_annual_Na_flux_mean,watershed mean annual atmospheric sodium flux,kg/ha/yr,UNKNOWN,ws_char,NADP,NA,NA,0,NA,NA,NA,NA
ch_annual_Na_flux_sd_space,watershed annual atmospheric sodium flux standard deviation,kg/ha/yr,UNKNOWN,ws_char,NADP,NA,NA,0,NA,NA,NA,NA
ch_annual_NH4_flux_mean,watershed mean annual atmospheric ammonium flux,kg/ha/yr,UNKNOWN,ws_char,NADP,NA,NA,0,NA,NA,NA,NA
ch_annual_NH4_flux_sd_space,watershed annual atmospheric ammonium flux standard deviation,kg/ha/yr,UNKNOWN,ws_char,NADP,NA,NA,0,NA,NA,NA,NA
ch_annual_NO3_flux_mean,watershed mean annual atmospheric nitrate flux,kg/ha/yr,UNKNOWN,ws_char,NADP,NA,NA,0,NA,NA,NA,NA
ch_annual_NO3_flux_sd_space,watershed annual atmospheric nitrate flux standard deviation,kg/ha/yr,UNKNOWN,ws_char,NADP,NA,NA,0,NA,NA,NA,NA
ch_annual_S_N_flux_mean,watershed mean annual atmospheric nitrogen+sulfur flux,kg/ha/yr,UNKNOWN,ws_char,NADP,NA,NA,0,NA,NA,NA,NA
ch_annual_S_N_flux_sd_space,watershed annual atmospheric nitrogen+sulfur flux standard deviation,kg/ha/yr,UNKNOWN,ws_char,NADP,NA,NA,0,NA,NA,NA,NA
ch_annual_SO4_flux_mean,watershed mean annual atmospheric sulfate flux,kg/ha/yr,UNKNOWN,ws_char,NADP,NA,NA,0,NA,NA,NA,NA
ch_annual_SO4_flux_sd_space,watershed annual atmospheric sulfate flux standard deviation,kg/ha/yr,UNKNOWN,ws_char,NADP,NA,NA,0,NA,NA,NA,NA
vb_ndvi_median,watershed median NDVI (normalized difference vegetation index),unitless,UNKNOWN,ws_char,NDVI,NA,NA,0,NA,NA,NA,NA
vb_ndvi_sd,standard deviation of watershed NDVI (normalized difference vegetation index),unitless,UNKNOWN,ws_char,NDVI,NA,NA,0,NA,NA,NA,NA
va_npp_median,daily watershed median terrestrial net primary production,kg*C/m^2,UNKNOWN,ws_char,Net Primary Production,NA,NA,0,NA,NA,NA,NA
va_npp_sd,daily standard deviation of terrestrial net primary production,kg*C/m^2,UNKNOWN,ws_char,Net Primary Production,NA,NA,0,NA,NA,NA,NA
lg_nlcd_1992_barren,NLCD 1992 class: bare rock/sand/clay,%,UNKNOWN,ws_char,NLCD,NA,NA,0,NA,NA,NA,NA
lg_nlcd_1992_barren_tran,NLCD 1992 class: transitional barren,%,UNKNOWN,ws_char,NLCD,NA,NA,0,NA,NA,NA,NA
lg_nlcd_1992_commercial,NLCD 1992 class: commercial/industrial/transportation,%,UNKNOWN,ws_char,NLCD,NA,NA,0,NA,NA,NA,NA
lg_nlcd_1992_fallow,NLCD 1992 class: fallow,%,UNKNOWN,ws_char,NLCD,NA,NA,0,NA,NA,NA,NA
lg_nlcd_1992_forest_dec,NLCD 1992 class: deciduous forest,%,UNKNOWN,ws_char,NLCD,NA,NA,0,NA,NA,NA,NA
lg_nlcd_1992_forest_evr,NLCD 1992 class: evergreen forest,%,UNKNOWN,ws_char,NLCD,NA,NA,0,NA,NA,NA,NA
lg_nlcd_1992_forest_mix,NLCD 1992 class: mixed forest,%,UNKNOWN,ws_char,NLCD,NA,NA,0,NA,NA,NA,NA
lg_nlcd_1992_grass,NLCD 1992 class: grassland/herbaceous,%,UNKNOWN,ws_char,NLCD,NA,NA,0,NA,NA,NA,NA
lg_nlcd_1992_ice_snow,NLCD 1992 class: perennial ice/snow,%,UNKNOWN,ws_char,NLCD,NA,NA,0,NA,NA,NA,NA
lg_nlcd_1992_mines,NLCD 1992 class: quarries/strip minds/gravel pits,%,UNKNOWN,ws_char,NLCD,NA,NA,0,NA,NA,NA,NA
lg_nlcd_1992_orchards,NLCD 1992 class: orchards/vineyards/other,%,UNKNOWN,ws_char,NLCD,NA,NA,0,NA,NA,NA,NA
lg_nlcd_1992_pasture,NLCD 1992 class: pasture/hay,%,UNKNOWN,ws_char,NLCD,NA,NA,0,NA,NA,NA,NA
lg_nlcd_1992_res_hi,NLCD 1992 class: high intensity residential,%,UNKNOWN,ws_char,NLCD,NA,NA,0,NA,NA,NA,NA
lg_nlcd_1992_res_low,NLCD 1992 class: low intensity residential,%,UNKNOWN,ws_char,NLCD,NA,NA,0,NA,NA,NA,NA
lg_nlcd_1992_row_crop,NLCD 1992 class: row crops,%,UNKNOWN,ws_char,NLCD,NA,NA,0,NA,NA,NA,NA
lg_nlcd_1992_shrub,NLCD 1992 class: shrubland,%,UNKNOWN,ws_char,NLCD,NA,NA,0,NA,NA,NA,NA
lg_nlcd_1992_small_grains,NLCD 1992 class: small grains,%,UNKNOWN,ws_char,NLCD,NA,NA,0,NA,NA,NA,NA
lg_nlcd_1992_urban_grass,NLCD 1992 class: urban/recreational grasses,%,UNKNOWN,ws_char,NLCD,NA,NA,0,NA,NA,NA,NA
lg_nlcd_1992_water,NLCD 1992 class: open water,%,UNKNOWN,ws_char,NLCD,NA,NA,0,NA,NA,NA,NA
lg_nlcd_1992_wetland_herb,NLCD 1992 class: emergent herbaceous wetland,%,UNKNOWN,ws_char,NLCD,NA,NA,0,NA,NA,NA,NA
lg_nlcd_1992_wetland_wood,NLCD 1992 class: woody wetland,%,UNKNOWN,ws_char,NLCD,NA,NA,0,NA,NA,NA,NA
lg_nlcd_barren,NLCD class: barren land,%,UNKNOWN,ws_char,NLCD,NA,NA,0,NA,NA,NA,NA
lg_nlcd_crop,NLCD class: cultivated crops,%,UNKNOWN,ws_char,NLCD,NA,NA,0,NA,NA,NA,NA
lg_nlcd_dev_hi,"NLCD class: developed, high intensity",%,UNKNOWN,ws_char,NLCD,NA,NA,0,NA,NA,NA,NA
lg_nlcd_dev_low,"NLCD class: developed, low intensity",%,UNKNOWN,ws_char,NLCD,NA,NA,0,NA,NA,NA,NA
lg_nlcd_dev_med,"NLCD class: developed, medium intensity",%,UNKNOWN,ws_char,NLCD,NA,NA,0,NA,NA,NA,NA
lg_nlcd_dev_open,"NLCD class: developed, open space",%,UNKNOWN,ws_char,NLCD,NA,NA,0,NA,NA,NA,NA
lg_nlcd_forest_dec,NLCD class: deciduous forest,%,UNKNOWN,ws_char,NLCD,NA,NA,0,NA,NA,NA,NA
lg_nlcd_forest_evr,NLCD class: evergreen forest,%,UNKNOWN,ws_char,NLCD,NA,NA,0,NA,NA,NA,NA
lg_nlcd_forest_mix,NLCD class: mixed forest,%,UNKNOWN,ws_char,NLCD,NA,NA,0,NA,NA,NA,NA
lg_nlcd_grass,NLCD class: grassland/herbaceous,%,UNKNOWN,ws_char,NLCD,NA,NA,0,NA,NA,NA,NA
lg_nlcd_ice_snow,NLCD class: perennial ice/snow,%,UNKNOWN,ws_char,NLCD,NA,NA,0,NA,NA,NA,NA
lg_nlcd_lichens,NLCD class: lichens,%,UNKNOWN,ws_char,NLCD,NA,NA,0,NA,NA,NA,NA
lg_nlcd_moss,NLCD class: moss,%,UNKNOWN,ws_char,NLCD,NA,NA,0,NA,NA,NA,NA
lg_nlcd_pasture,NLCD class: pasture/hay,%,UNKNOWN,ws_char,NLCD,NA,NA,0,NA,NA,NA,NA
lg_nlcd_sedge,NLCD class: sedge/herbaceous,%,UNKNOWN,ws_char,NLCD,NA,NA,0,NA,NA,NA,NA
lg_nlcd_shrub,NLCD class: shrub/scrub,%,UNKNOWN,ws_char,NLCD,NA,NA,0,NA,NA,NA,NA
lg_nlcd_shrub_dwr,NLCD class: dwarf scrub,%,UNKNOWN,ws_char,NLCD,NA,NA,0,NA,NA,NA,NA
lg_nlcd_water,NLCD class: open water,%,UNKNOWN,ws_char,NLCD,NA,NA,0,NA,NA,NA,NA
lg_nlcd_wetland_herb,NLCD class: emergent herbaceous wetland,%,UNKNOWN,ws_char,NLCD,NA,NA,0,NA,NA,NA,NA
lg_nlcd_wetland_wood,NLCD class: woody wetland,%,UNKNOWN,ws_char,NLCD,NA,NA,0,NA,NA,NA,NA
pm_sub_surf_permeability_mean,watershed mean subsurface permeability (log10),m^2,UNKNOWN,ws_char,Other,NA,NA,0,NA,NA,NA,NA
pm_sub_surf_permeability_perm_mean,watershed mean subsurface permeability with permafrost (log10),m^2,UNKNOWN,ws_char,Other,NA,NA,0,NA,NA,NA,NA
pm_sub_surf_permeability_perm_sd,watershed subsurface permeability with permafrost standard deviation,m^2,UNKNOWN,ws_char,Other,NA,NA,0,NA,NA,NA,NA
pm_sub_surf_permeability_sd,watershed subsurface permeability standard deviation,m^2,UNKNOWN,ws_char,Other,NA,NA,0,NA,NA,NA,NA
pm_sub_surf_porosity_mean,watershed mean subsurface porosity,%,UNKNOWN,ws_char,Other,NA,NA,0,NA,NA,NA,NA
pm_sub_surf_porosity_sd,watershed subsurface porosity standard deviation,%,UNKNOWN,ws_char,Other,NA,NA,0,NA,NA,NA,NA
vd_eos_mean,watershed mean end of growing season as day of year,DOY,UNKNOWN,ws_char,Phenology,NA,NA,0,NA,NA,NA,NA
vd_eos_sd,watershed standard deviation of end of growing season,DOY,UNKNOWN,ws_char,Phenology,NA,NA,0,NA,NA,NA,NA
vd_los_mean,watershed mean length of growing season as day of year,DOY,UNKNOWN,ws_char,Phenology,NA,NA,0,NA,NA,NA,NA
vd_los_sd,watershed standard deviation of length of growing season,DOY,UNKNOWN,ws_char,Phenology,NA,NA,0,NA,NA,NA,NA
vd_mos_mean,watershed mean maximum day of photosynthesis in the canopy as day of year,DOY,UNKNOWN,ws_char,Phenology,NA,NA,0,NA,NA,NA,NA
vd_mos_sd,watershed standard deviation of maximum day of canopy photosynthesis,DOY,UNKNOWN,ws_char,Phenology,NA,NA,0,NA,NA,NA,NA
vd_sos_mean,watershed mean start of growing season,DOY,UNKNOWN,ws_char,Phenology,NA,NA,0,NA,NA,NA,NA
vd_sos_sd,watershed standard deviation of start of growing season,DOY,UNKNOWN,ws_char,Phenology,NA,NA,0,NA,NA,NA,NA
cc_cumulative_precip,watershed annual cumulative precip,mm,UNKNOWN,ws_char,PRISM Precipitation,NA,NA,NA,NA,NA,NA,NA
cc_temp_mean,watershed annual mean temp,C,UNKNOWN,ws_char,PRISM Temperature,NA,NA,NA,NA,NA,NA,NA
cc_precip_median,daily median of watershed precipitation,mm,UNKNOWN,ws_char,PRISM Precipitation,NA,NA,0,NA,NA,NA,NA
cc_precip_sd,daily standard deviation of watershed precipitation,mm,UNKNOWN,ws_char,PRISM Precipitation,NA,NA,0,NA,NA,NA,NA
cc_temp_mean_median,daily median of watershed air temperature,C,UNKNOWN,ws_char,PRISM Temperature,NA,NA,0,NA,NA,NA,NA
cc_temp_mean_sd,daily standard deviation of watershed air temperature,C,UNKNOWN,ws_char,PRISM Temperature,NA,NA,0,NA,NA,NA,NA
cl_snow_depth_mean,daily mean of watershed snow depth,mm,UNKNOWN,ws_char,Snow,NA,NA,0,NA,NA,NA,NA
cl_snow_depth_sd,daily standard deviation of watershed snow depth,mm,UNKNOWN,ws_char,Snow,NA,NA,0,NA,NA,NA,NA
cl_swe_mean,daily mean of snow water equivalent,mm,UNKNOWN,ws_char,Snow,NA,NA,0,NA,NA,NA,NA
cl_swe_sd,daily standard deviation of snow water equivalent,mm,UNKNOWN,ws_char,Snow,NA,NA,0,NA,NA,NA,NA
pf_soil_awc,watershed mean soil available water content,cm/cm,UNKNOWN,ws_char,Soil,NA,NA,0,NA,NA,NA,NA
pf_soil_cat_exchange_7,watershed mean cation-exchange capacity,meq,UNKNOWN,ws_char,Soil,NA,NA,0,NA,NA,NA,NA
pf_soil_clay,watershed soil clay content,%,UNKNOWN,ws_char,Soil,NA,NA,0,NA,NA,NA,NA
pf_soil_org,watershed soil organic matter content,%,UNKNOWN,ws_char,Soil,NA,NA,0,NA,NA,NA,NA
pf_soil_ph,watershed mean soil pH,unitless,UNKNOWN,ws_char,Soil,NA,NA,0,NA,NA,NA,NA
pf_soil_sand,watershed soil sand content,%,UNKNOWN,ws_char,Soil,NA,NA,0,NA,NA,NA,NA
pf_soil_silt,watershed soil silt content,%,UNKNOWN,ws_char,Soil,NA,NA,0,NA,NA,NA,NA
pf_soil_water_0.1bar,watershed soil water content at 1/10 bar,%,UNKNOWN,ws_char,Soil,NA,NA,0,NA,NA,NA,NA
pf_soil_water_0.33bar,watershed soil water content at 1/3 bar,%,UNKNOWN,ws_char,Soil,NA,NA,0,NA,NA,NA,NA
pf_soil_water_0bar,watershed soil water content at 0 bar,%,UNKNOWN,ws_char,Soil,NA,NA,0,NA,NA,NA,NA
pf_soil_water_15bar,watershed soil water content at 15 bar,%,UNKNOWN,ws_char,Soil,NA,NA,0,NA,NA,NA,NA
pi_soil_thickness,watershed mean soil thinkness,m,UNKNOWN,ws_char,Soil,NA,NA,0,NA,NA,NA,NA
vj_tcw_median,watershed median TCW (tesselated cap wetness),unitless,UNKNOWN,ws_char,Tesselated Cap Wetness,NA,NA,0,NA,NA,NA,NA
vj_tcw_sd,standard deviation of watershed TCW (tesselated cap wetness),unitless,UNKNOWN,ws_char,Tesselated Cap Wetness,NA,NA,0,NA,NA,NA,NA
area,watershed area,ha,UNKNOWN,ws_char,Terrain,NA,NA,0,NA,NA,NA,NA
te_aspect_mean,watershed mean aspect,degrees,UNKNOWN,ws_char,Terrain,NA,NA,0,NA,NA,NA,NA
te_aspect_sd,watershed aspect standard deviation,degrees,UNKNOWN,ws_char,Terrain,NA,NA,0,NA,NA,NA,NA
te_elev_max,watershed maximum elevation,m,UNKNOWN,ws_char,Terrain,NA,NA,0,NA,NA,NA,NA
te_elev_mean,watershed mean elevation,m,UNKNOWN,ws_char,Terrain,NA,NA,0,NA,NA,NA,NA
te_elev_min,watershed minimum elevation,m,UNKNOWN,ws_char,Terrain,NA,NA,0,NA,NA,NA,NA
te_elev_sd,watershed elevation standard deviation,m,UNKNOWN,ws_char,Terrain,NA,NA,0,NA,NA,NA,NA
te_slope_mean,watershed mean slope,%,UNKNOWN,ws_char,Terrain,NA,NA,0,NA,NA,NA,NA
te_slope_sd,watershed slope standard deviation,%,UNKNOWN,ws_char,Terrain,NA,NA,0,NA,NA,NA,NA
model_GPP,daily average areal rate of primary production,g O2 m^-2 d^-1,streamMetabolizer,bio,Other,expression(UNKNOWN),NA,0,NA,streampulse derived daily results,NA,NA
model_ER,daily avearge areal rate of respiration,g O2 m^-2 d^-1,streamMetabolizer,bio,Other,expression(UNKNOWN),NA,0,NA,streampulse derived daily results,NA,NA
model_k600,gas exchange rate coeffecient,d^-1,streamMetabolizer,bio,Other,expression(UNKNOWN),NA,0,NA,"streampulse derived daily results, after normalization, 600 Schmidt number",NA,NA
color,water color,PCU,NA,phys,Other,expression(UNKNOWN),NA,0,NA,NA,NA,NA
